<?xml version="1.0" encoding="UTF-8"?>
<ivy-module version="2.0" xmlns:e="http://ant.apache.org/ivy/extra">
	<info organisation="org.scala-sbt" module="logging" revision="0.13.5" status="release" publication="20140527094305">
		<description>
		Logging
		</description>
	</info>
	<configurations>
		<conf name="compile" visibility="public" description=""/>
		<conf name="runtime" visibility="public" description="" extends="compile"/>
		<conf name="test" visibility="public" description="" extends="runtime"/>
		<conf name="optional" visibility="public" description=""/>
		<conf name="provided" visibility="public" description="" transitive="false"/>
		
		
		
		
		<conf name="sources" visibility="public" description=""/>
		<conf name="docs" visibility="public" description=""/>
		<conf name="pom" visibility="public" description=""/>
		
	</configurations>
	<publications>
		<artifact name="logging" type="jar" ext="jar" conf="compile"/>
		<artifact name="logging" type="src" ext="jar" conf="sources" e:classifier="sources"/>
	</publications>
	<dependencies>
		
		<dependency org="org.scala-lang" name="scala-library" rev="2.10.4" conf="compile->default(compile)"/>
		<dependency org="org.scala-sbt" name="interface" rev="0.13.5" conf="compile->default(compile)" e:component="xsbti"/>
		<dependency org="org.scala-sbt" name="process" rev="0.13.5" conf="compile->default(compile)"/>
		<dependency org="org.scalacheck" name="scalacheck_2.10" rev="1.11.1" conf="test->default(compile)"/>
		<dependency org="org.specs2" name="specs2_2.10" rev="1.12.3" conf="test->default(compile)"/>
		<dependency org="junit" name="junit" rev="4.11" conf="test->default(compile)"/>
		<dependency org="jline" name="jline" rev="2.11" conf="compile->default(compile)"/>
	</dependencies>
</ivy-module>
